{"cameraMode":{"drawMode":0,"name":"Shaded","section":"Shading Mode"},"sceneLighting":true,"audioPlay":false,"sceneViewState":{"m_AlwaysRefresh":false,"showFog":true,"showSkybox":true,"showFlares":true,"showImageEffects":true,"showParticleSystems":true,"showVisualEffectGraphs":true,"m_FxEnabled":true},"in2DMode":false,"pivot":{"x":24.51988983154297,"y":-21.98248291015625,"z":-26.708602905273439},"rotation":{"x":0.5200405120849609,"y":-0.0012811911292374135,"z":0.000779950525611639,"w":0.8541412949562073},"size":212.80018615722657,"orthographic":false}