{"cameraMode":{"drawMode":0,"name":"Shaded","section":"Shading Mode"},"sceneLighting":false,"audioPlay":false,"sceneViewState":{"m_AlwaysRefresh":false,"showFog":true,"showSkybox":false,"showFlares":true,"showImageEffects":true,"showParticleSystems":true,"showVisualEffectGraphs":true,"m_FxEnabled":true},"in2DMode":false,"pivot":{"x":39.91953659057617,"y":-16.038314819335939,"z":12.036056518554688},"rotation":{"x":0.36469870805740359,"y":0.02932209149003029,"z":-0.011494575999677182,"w":0.9306036233901978},"size":95.27316284179688,"orthographic":false}